,ICODUBLI2_TemperatureC,IDUBLINC2_dailyrainMM,IDUBLINC2_TemperatureC,ILEINSTE8_TemperatureC,ILEINSTE8_dailyrainMM,ICODUBLI2_dailyrainMM,_index
1,-0.02706041173623678,-0.008054381058095661,0.01766976588788448,-0.055205444884267846,-0.10058315795702723,0.0006260825640260027,1_13_1
3,-0.13677359402995867,0.14589404504894565,-0.09359983813296062,-0.129709010725478,-0.020982558903373437,0.017096422725562374,1_10_2
6,0.2209230856672321,0.054537486231621524,0.17572248086166753,0.15698066845468467,-0.011734651961705466,0.10316018119860151,1_4_2
8,0.14432982207911302,0.11963687124202553,0.1575358011940055,0.10642131168498609,0.09898512721794281,0.04222506947949823,1_9_1
9,0.033064630393963665,0.13782532476937057,0.0218750695552101,0.028542719179974533,0.08574105507704192,-0.020596395770906092,1_9_2
13,0.17554398261027868,0.05620405233487572,0.21394257039147513,0.15822765825188545,-0.049664701338054264,0.04170500722828266,1_6_1
14,0.12276309323576381,-0.031212458289691984,0.10818564738127887,0.11728880403544005,0.01363305259645443,-0.005423142850502167,1_8_1
18,0.25097985567376546,0.03441232103932777,0.1927744222226717,0.1918511374459696,0.04996036835066098,0.10690160868236408,1_12_2
19,0.4807730515210575,-0.029579430659525292,0.20999293871121397,0.46991915475782353,-0.06097394372525015,0.025550504955996735,1_12_1
20,0.10270507625714932,0.14049655391180418,0.17330867088075255,0.0773994098307993,0.021817041474612865,0.13011342948922905,10_7_2
21,-0.1576455344562881,0.08677961949465031,-0.06686005193130466,-0.18041346482194523,-0.00950209842964095,-0.019563187642678056,10_3_2
23,0.1856519600194063,0.03965828735191686,0.2088856991055596,0.14233822954952288,0.0485875343471329,0.024382060278400154,10_1_1
24,-0.013053397720594247,0.054480285027607385,0.023494906591399006,0.0015990112130571737,0.080787095826507,0.1458442862593847,10_1_2
26,0.0978541274951733,0.1100574985268847,0.14831390467860422,0.11550185844347016,0.18135020046606942,0.07920406046061217,10_2_2
27,-0.05708486048225599,0.03232410799187197,-0.03607830030317274,-0.05082422791350663,0.15312580278507057,0.08293562710841917,10_2_1
28,0.01655665347581592,0.023234113362967185,0.041409761349050715,0.019482310507527148,-0.08470715703608055,-0.02199672516698572,10_6_2
29,0.027666406521312654,0.018546852662109474,0.08396357035098696,0.0074375264492282595,-0.11048530343347067,0.08086539870798846,10_6_1
30,-0.25852547473839477,0.12519652617150914,-0.15715095229764325,-0.2843206544943738,0.036189208336348706,0.049871433709737345,10_5_1
31,0.3174467881404041,0.015402836204811676,0.1743663214987994,0.2764903700953871,0.011952968511977973,0.013913369367381153,10_5_2
32,-0.09388016864696716,0.05173733368282381,-0.05038286974303311,-0.07191228417132794,-0.057241196517865675,0.08641762166890173,10_4_1
34,0.4032702728115367,0.0015459112217710341,0.37925749574129225,0.4147071338635995,-0.06882331663468473,0.04153337586868716,11_5_2
36,-0.10027269925826117,0.09088932006488909,-0.02316872568960068,-0.09189618280219226,0.06895407545782425,0.031681977815002586,11_2_1
38,-0.16125952628716503,0.13140149584814856,-0.11209181266845844,-0.19375591065251488,0.11918892455155031,0.012883074812328752,11_3_1
39,0.18395562111800326,0.0811666410530835,-0.1423460282506761,0.15837849467940987,0.0647860589894569,-0.013931347287502435,11_1_1
40,-0.14386768636823077,0.036295472923309424,-0.06605832069899333,-0.16822868081156583,-0.026168127607513633,0.0555173677727688,11_1_2
41,0.07671201677957529,-0.06372961135247972,0.041504740438540806,0.08385928302789662,-0.008953870003227343,-0.017334279319879065,11_4_1
44,-0.281432694664315,-0.1256027215245008,-0.21023621643375762,-0.27646573723596496,-0.15548992967454134,-0.14987760727367047,12_2_1
45,0.2727560331568418,-0.023480589872894118,0.14873250358970416,0.2950464115046606,-0.05469091410359872,0.1251584902022947,12_1_2
46,0.2525532957334284,0.2888522201407193,0.3235698354569796,0.22402153206101874,0.06077194617584244,0.15613648865098753,12_1_1
47,-0.27275603315684205,0.023480589872894125,-0.14873250358970427,-0.2950464115046607,0.05469091410359872,-0.12515849020229486,12_3_1
48,-0.16676478147595628,0.07725201895525531,-0.11690477149292854,-0.16359774403849345,-0.11673797304068324,-0.09832672558478399,12_3_2
49,-0.2920183207806081,0.03062094322013902,-0.12567502945364306,-0.2971502459131825,0.044130410367366056,-0.12523934784832283,12_2_2
50,0.2370481710579766,0.223487273286621,0.2683010836688642,0.21432117273539494,0.103200835233071,0.1862643292830133,13_2_1
51,0.3320367319923898,0.07294502663776839,0.2782217024139133,0.3247963612287403,0.07916747535723354,0.12487678185752073,13_2_2
52,0.15571746510313556,0.3148257364112782,0.2010704337072471,0.13227742975452755,0.20382125920089705,0.23898313216411707,13_3_1
53,-0.3368795037940595,0.012218177153979612,-0.26712575156891766,-0.37299183351513304,0.004940032499741614,-0.02057482718710818,13_4_2
54,-0.27988372477132545,-0.07216716309329496,-0.23654749641247114,-0.3072778925193802,-0.20642359251752002,-0.06664113473369955,13_4_1
55,-0.35734721275970904,-0.07992236831668893,-0.3034566042651882,-0.3752036427733527,-0.06429265287044711,-0.13125454208391987,13_5_2
56,-0.39895437327135236,-0.042492115750804076,-0.358853341033399,-0.39526396736333447,0.006568645874396765,-0.09323833764374181,13_5_1
57,-0.34036229191525436,-0.06518478334866361,-0.2953450008018873,-0.3536563657593036,-0.04433487894536879,-0.13143051026191147,13_6_1
58,-0.2229678010226901,-0.11566703651567045,-0.18672971040562733,-0.2599064906475412,-0.06886332651629347,-0.11773502253805361,13_6_2
59,0.2954942002679914,0.0980212638428584,0.25855051770040083,0.29480401805475753,0.01591886713882798,0.13559825217283733,13_1_2
60,0.3082474145189841,0.08409858073397128,0.26020754143956926,0.29844603829558347,0.06481396564026574,0.1460675247373172,13_1_1
61,0.3286667542047526,-0.0004141336576892574,0.2965670725906242,0.3152206481737052,-0.05232887357041497,0.10430525035241159,13_3_2
62,0.3216109545464411,0.07486975301073762,0.26396290727251315,0.30413949780557153,-0.20760734742538173,-0.09399312565225552,14_7_2
63,0.06947969980564916,0.15504474074384975,0.13282575746364075,0.034759108038079856,-0.005611777434284967,0.10869478126720089,14_7_1
64,0.24300094469821207,0.07889066141470918,0.1541677736886646,0.21925755676154005,-0.2521264128296525,-0.10223531301868978,14_6_2
65,0.07315230560689995,0.1271628633732557,0.09752081462196144,0.03040208036040714,-0.0645431281614068,0.006620799167117575,14_6_1
66,0.06547744261770257,0.2305967223100046,0.12301546311663143,-0.007931892739844792,0.051552161580103895,0.017880988265665813,14_5_1
67,0.04845604499047197,0.016361356866271003,-0.0213075818048005,-0.010154165053320063,-0.19282279628257104,-0.0971051187762743,14_5_2
68,0.16256280989033398,-0.007073878841030968,0.16673989266987935,0.10821262701671146,-0.0788910899434396,0.03290445229975173,14_4_1
69,0.13872177570619593,0.07454674573735703,0.14034934004179833,0.11092203598471737,-0.08398736856468242,0.03812399754395936,14_4_2
70,0.3949159636232998,0.053587275675493755,0.33992786902332184,0.4052598042415818,-0.007523275599544563,0.09984784286726699,14_3_2
71,-0.11637901959940763,0.1515853178490624,-0.0007652836185252509,-0.13284879413575987,-0.04186042572775474,0.06312562896657721,14_3_1
72,-0.15108953317167934,0.12524499754372712,-0.08111092894855988,-0.1733294388710226,-0.004580044121049855,0.053869119272403544,14_9_1
73,0.2821361118421459,0.11247612645529738,0.28849171999237977,0.2618065293844488,0.12160774800642095,0.18042643939660025,14_9_2
74,0.2075848450757024,0.32167379481527947,0.26852959381690167,0.18570116862106784,0.046014889214686217,0.1721859027824172,14_8_1
75,0.02990101265590586,0.14022045291223514,0.05618827223083538,0.056102938772595055,0.013868507452279554,0.08333586826771391,14_8_2
76,0.09080377391708425,0.01755739531181184,0.09509583889369655,0.10345971518860499,-0.08584435782549195,-0.04385365194643625,14_2_2
77,0.05470947936463128,0.2861987115098228,0.1400137609961689,0.04580004058418371,0.010093263330402554,0.21193642492072925,14_2_1
78,0.11066012338280522,0.03576553316019238,0.13186195974590523,0.09271241970253245,-0.09985073058808566,0.029468556504700084,14_1_1
79,0.2925743338501954,-0.008656984885246025,0.23436792430388426,0.28857568123061383,-0.09998003102710205,0.04042612886713488,14_1_2
80,0.09358705638410997,0.15490443571394785,0.10775025615705686,0.09755837143810193,0.055492941133659754,0.05127987496730848,14_10_2
81,-0.20778750779394572,0.11532663412231153,-0.13381008917397805,-0.18964293390054818,0.09827460157181862,-0.00979228962021393,14_10_1
82,0.12895841320274487,-0.14577001384256344,0.027363922619393855,0.19341861924772794,0.04448293061734746,0.20220474114399908,15_12_2
83,0.09382661625871473,0.1380175572216778,0.16539929255054248,0.09390948967478889,0.11440664504157023,0.09635105257841343,15_12_1
84,0.05953372192195119,-0.1094245323737145,-0.014433198713418879,0.14740864361519726,0.11140700040456228,0.139684174925728,15_11_1
85,0.32122661521581314,-0.0393908435423278,0.26907746990824355,0.3389106902409672,-0.04125941387722278,0.09684342517283528,15_11_2
86,0.1301871542215694,0.11706468880439011,0.1740674210153651,0.10851358701763575,-0.05846421678480984,0.0436239728947772,15_8_1
87,0.2519803745090179,0.00776164729920684,0.24973978060936952,0.23309530793712357,-0.07298174664082674,0.06688823835935716,15_8_2
88,-0.04898421340276731,0.029974567915982006,-0.008243295290928156,-0.06511295718534076,-0.029125514401495363,0.022908416728407432,15_6_1
89,0.1561961528390132,-0.03881778418476162,0.14626264859948793,0.1365632374134973,-0.11512687741108786,-0.00909871656269845,15_9_1
90,0.44451563750848216,0.03329866996898446,0.3695410901408223,0.4230482178797964,-0.07405416030742604,0.029100742612401437,15_9_2
91,0.08893006109651763,0.08429584834592685,0.060314529524030144,0.08999013290712538,-0.09832421148128125,0.002827548248885417,15_6_2
92,0.2021490109150927,0.0969388874671064,0.18419270670970622,0.20432066267953247,0.07836828233895882,-0.015390895101495964,15_7_2
93,0.026729115252031862,0.01347236292270077,0.0645503997669905,-0.008787975766278162,-0.06816010901465125,0.06921995126117426,15_7_1
94,-0.14865355102605912,0.21700897715309742,-0.036390298277190494,-0.18338214709653017,0.0907247335782125,0.12757573865797972,15_4_1
95,-0.06350476217252143,0.1460803058508728,-0.01592641209237929,-0.05702005049402517,-0.05498798884987763,-0.05581455538954701,15_4_2
96,-0.004540480299488355,0.17069385179413255,0.07954669412553086,-0.03556000120113195,0.015903609064847724,0.0959891152959408,15_5_1
97,0.1874778255458425,0.15295667377838607,0.1856993537641535,0.1848214526212159,-0.005457765097060419,0.06169248359898572,15_5_2
98,0.07074983771305392,-0.09520697701095324,0.12327680489799052,0.10679871994029717,-0.11328185507096705,0.06104346807439505,15_2_2
99,-0.21540588409446984,0.13884790633809285,-0.15607129917196066,-0.25939751704856884,0.08818535890192544,0.07347863382146091,15_2_1
100,0.09323340245364051,0.020484995872836028,0.062050809970328843,0.10519356915049921,-0.15773107136264225,-0.021160811702427434,15_3_2
101,-0.2683167375050227,0.15208236655335644,-0.20812378187663885,-0.3113401778238056,0.11055522746604401,-0.005676681068599238,15_3_1
102,0.13801150627455136,0.23432511940658998,0.22994665622545724,0.09459731470912143,0.013237465285027271,0.13911558285413456,15_1_1
103,-0.23067198725032964,0.017084193651681758,-0.17722003489224245,-0.23785485148217306,-0.13202275339609534,-0.0006485383439363987,15_1_2
104,0.3434255343876518,0.09348134067458244,0.3126621811536627,0.3520338036549286,0.05751596896265831,0.0506144480168467,15_10_1
105,0.40386299624978805,0.17747635430254496,0.3255068203650824,0.3819796426700544,-0.001158454607024532,0.0827570438104928,15_10_2
106,0.22892505553132608,-0.010767695869776796,0.17425636569781286,0.1958035031320047,-0.0622211280494763,0.09446836133651805,16_3_1
107,0.07138256475812746,-0.04219166870843257,0.056285493058970806,0.08174002496169977,-0.1448450771493577,-0.011269245629339624,16_3_2
108,0.24353506805242428,0.09758925476008914,0.16449689187525443,0.28019548771079195,-0.0789990229023121,0.15014850750273023,16_2_1
109,0.06651180800712614,-0.11746794264194578,0.062060422789597246,0.08866583071083775,-0.0022192135362998867,-0.035948123380887174,16_5_1
110,0.6350692458241585,0.10124117090690841,0.6029820906249267,0.5959198462990921,-0.052721414557271265,0.10879152494838736,16_1_2
111,0.21296136661901074,-0.04562597598762526,0.12333740094842496,0.23044820618659453,-0.061638041538222506,0.10552239625069712,16_6_1
112,0.0606387523544902,-0.0361772582028403,0.05874305346305561,0.06096266566200527,-0.1895037126616734,-0.024327578736533854,16_2_2
113,0.13614791891608108,-0.0765628049597269,0.06491346519776861,0.10665251692012301,-0.034044782718820055,-0.030014221378157714,16_7_1
114,-0.010390428599507994,-0.010965482083762744,-0.012478065899580025,0.024234727588220012,-0.04885463892078955,0.05292556162135437,16_5_2
115,0.2686623279532614,0.0003988646271851346,0.20666497343815018,0.23691299355281972,-0.061798327411119666,0.11054560342599151,16_4_2
116,0.2609548293428197,-0.04662642345163647,0.0864634505220071,0.3154471244647474,0.015270333388566275,0.1917139456000142,16_4_1
117,0.16761327374853752,0.00403454417997404,0.10975984487359727,0.12276332371132728,-0.11816905676728237,0.00041791869006305475,16_7_2
118,0.1304136516749882,-0.07489060748627403,0.04046176445510779,0.21774207680784896,0.086644574696596,0.21636884093499165,16_6_2
119,0.16993583368548504,-0.10395038127857813,0.16574363511576487,0.16346240732582307,-0.09794993137191951,-0.01930633712781916,16_1_1
121,0.3230593075083152,0.01756093684341456,0.2890943824924771,0.3107208475884673,-0.017309669871515016,0.003198980864403362,17_5_1
122,0.25303676219577226,0.09853296572259415,0.22313567653968142,0.26690693460674425,-0.028975960980818293,0.10907124170351844,17_6_1
124,-0.23067971706213825,0.09591233158296578,-0.20399286620881651,-0.21357781587335078,-0.02430825048773598,-0.09017957205889554,17_7_1
127,0.14980935759214586,-0.06455508748133414,0.10711717657059298,0.12727321258443466,-0.037148780520456205,-0.026451359201952927,17_1_1
128,0.1665744414394109,-0.05223698297857919,0.12060097456073605,0.14302184063413032,-0.02973873720920601,-0.022570834984030022,17_2_1
130,-0.10495641216488426,0.07262457046476514,-0.05957326688951012,-0.08214448847055526,0.012135158284872683,0.01063617942208585,17_3_1
133,0.44345995935621413,0.09302763893268562,0.408873060121122,0.41311432769970574,0.011829096384479494,-0.04962835434139365,17_4_1
135,-0.5042794395400538,0.06592028408336618,-0.4226312438232552,-0.4738461194952707,-0.07369492451666727,-0.05896517759506723,18_3_1
137,0.11879144920179567,0.15709479885942956,0.12986599404495924,0.09640989233272416,0.11637940240230109,-0.030784471346165274,18_2_1
138,0.2399311655437655,0.09161438337157071,0.2073746847886206,0.17123380729443718,0.009061268509484391,0.13054231528866633,18_8_1
140,0.48115827158548913,-0.07882281589235772,0.4005434328086799,0.5116624193101437,0.024877386078271623,-0.004147749793308679,18_1_1
143,0.3479622961244254,0.01261892466967384,0.28348271088907995,0.31242553603585577,-0.058716157878867956,0.05819401259569405,18_7_1
145,0.3275775888606465,0.0705828903918826,0.2837328897191442,0.3129552978775753,-0.0446440139929189,0.06028093146722735,18_6_1
146,0.27861481677922795,0.10243725236218788,0.26053721951471775,0.2679934378837805,0.053181573894441315,0.06913427487593841,18_5_1
148,0.12774160027596732,0.18267701646779516,0.13906923246177247,0.13215784499248248,0.04348920311349549,0.031206193735380805,18_4_1
151,0.3357939026253673,0.050739173292012336,0.2543418567844519,0.27967749825084304,-0.024718708501715918,0.13294380579563678,19_2_1
153,0.006036966322097043,0.09037960553810309,0.022316634134647777,0.03684941220294269,0.03716731589065232,0.06359922548205964,19_3_1
154,0.27024794544846076,-0.09423160898654658,0.23669221348686276,0.26234991026473353,-0.21645242230677456,-0.02471082105553199,19_4_1
155,0.4202486375520954,-0.005847935558422143,0.32818864054839636,0.40610812771332483,-0.0751544904135835,-0.0012528921318142987,19_1_1
159,0.15176008256330203,0.0866277053868081,0.11333643020579595,0.17228392862580091,0.12021934160461539,0.15354035252988843,20_2_1
161,0.3087952534462189,0.09283284862400824,0.25661854601787565,0.2999638682871905,0.054029976531751414,0.13936313652988513,20_3_1
162,0.37651621735042157,0.10129189198846511,0.302956839342834,0.3784559382143124,0.019883873057596094,-0.0012137276793797935,20_1_1
165,0.1228991671796655,-0.11758692904362146,-0.0803494079715159,0.1598036800907014,0.006383433981330588,0.21462316186447514,20_6_1
167,0.06489854533985975,-0.08982221858177626,-0.12369667044449022,0.11040565482056423,-0.019905170451049562,0.15759649825970495,20_5_1
169,0.15103954980820625,-0.04655344989391355,0.11110363150554545,0.16366230354788608,-0.041584946537986715,0.2804673093466153,20_4_1
170,0.09936174921910428,-0.13002937459415442,-0.030244985164128317,0.15673628897617534,0.04313298241701791,0.14711058253709905,21_5_1
171,-0.06933231141866489,0.014865718436532888,-0.03240051956250002,-0.10680147300434228,0.06208244206273011,-0.11732345666548709,21_5_2
172,0.3253357510943831,0.1809319944909616,0.3228332411384344,0.33386856554398586,0.04818972622670105,0.16052295845679626,21_4_1
173,0.1690460707622821,-0.20885656235944394,0.11106771353671635,0.14830492191726707,0.011302632897108054,-0.07123637692334,21_4_2
174,-0.07350572502913497,0.0076846052317225515,-0.035175633897893,-0.10888871085106192,0.06231601934854433,-0.11776064445935547,21_2_2
175,-0.09131850049225171,0.13747905265903276,-0.0942967793668743,-0.024641621426017633,0.11785252894413614,0.020575892390042212,21_2_1
176,-0.04458139500499434,-0.046805113791521205,-0.018902221823302427,-0.0816749462293491,0.05919666351465271,-0.11970393634797373,21_3_2
177,0.32479564343928313,0.05891664265594876,0.3128786128653884,0.34707073230422325,-0.026112974573018612,0.11662727384371842,21_3_1
178,0.2505154855042532,0.2407755261555791,0.3305755179807788,0.20257013855429484,0.013171251941928483,0.14122790267703927,22_11_1
179,0.26318522812581563,0.2174410840724276,0.2886926303146214,0.25733215552447014,0.10300875406752037,0.08699638795271307,22_10_2
180,-0.12536901816083185,0.2258307190539695,0.01196411093893768,-0.12740345210897072,-0.029884035776316813,0.09521233629347302,22_10_1
181,0.1646349631663998,0.19565886275827635,0.24380962902152092,0.15043483583900766,0.02442507727714652,0.15821604158460184,22_13_1
182,0.29431179317363737,0.0968014956021384,0.2729925400472091,0.26159196216614594,0.06110124695726011,0.10838037166891978,22_13_2
183,0.23657389856569896,0.16774447765312125,0.27617543336161904,0.19885452307207455,0.13836484474068042,0.15910737257365892,22_11_2
184,0.19606066430893887,0.16926994154981967,0.25050582072341726,0.15500715741119994,-0.007055143734135798,0.18732950621525377,22_12_1
185,0.3113727741482243,0.0758302543071474,0.25160062017266377,0.2742978247383502,0.07471832580568248,0.15205014673477518,22_12_2
186,0.1655263016130891,0.07131265612305308,0.1886346771145145,0.1476224954627346,0.042532597902809374,0.1088393548737608,22_14_2
187,0.2125488020493974,-0.04924232462659393,0.11573339288912905,0.20794475805178678,-0.06478408587406437,0.10898154330539779,22_8_2
188,0.20236014697868607,0.21859422324068337,0.2902048249733047,0.1961763698676522,0.024928678159009912,0.16091651718396788,22_8_1
189,0.40941983624780637,0.07640567864844362,0.39021418820798537,0.3943880130506271,-0.08486385870964877,0.09724045113038716,22_9_2
190,0.28383010385961926,0.19571635206711305,0.3297765191285853,0.2639753280108825,0.041970012694723204,0.08698098229786014,22_9_1
191,0.1464442354507792,0.09337173435439275,0.15261738796885865,0.1628737060155107,0.13067637194617054,0.21896093575880804,22_2_1
192,0.3010120455228927,0.1128241829870165,0.2528012610867949,0.303528683583629,0.0603321506224344,0.1368082720255684,22_2_2
193,0.2282554096586752,0.13112284843230856,0.1905295398939305,0.23252628756900434,0.17622274434650959,0.14702261013190124,22_14_1
194,-0.1582982267799827,0.22532403598580675,-0.03974433554270732,-0.14919046301286532,0.09664997520886502,0.21422302864853693,22_3_1
195,-0.21912569158535608,0.057438231709523,-0.11285390639190732,-0.24648009788633707,0.011683112475801715,0.051420972913450366,22_3_2
196,-0.21159127888643833,-0.02358991787421915,-0.1767482963358682,-0.17852876858721595,-0.131173973502878,-0.04379921976366283,22_4_2
197,0.14433164013355723,0.06277035960470073,0.1751219330665795,0.16215562814564652,0.051310479849175084,0.025339963268748333,22_4_1
198,0.41208810951612096,-0.14186700348283798,0.327871100547349,0.422347844737221,-0.18565142168130058,-0.07228989535789454,22_5_2
199,0.22049690021064772,0.07507094959521121,0.22589658137998908,0.18763895375342282,-0.040549267724200755,0.0157809863257906,22_5_1
200,-0.08074272433476914,0.29356990460045645,0.053480633386909615,-0.08105001884727697,0.12312685940161769,0.07820806023065228,22_6_1
201,-0.6895296287703474,0.12270863253823226,-0.4270379947969774,-0.698145904657261,0.04640663055964392,-0.075458080831498,22_6_2
202,0.0643962168541805,0.13170123619055255,0.18080913428368325,0.03423645439550788,0.0151548096044729,0.08438572930529462,22_7_1
203,0.08983192938941514,0.014892401895866209,0.10669302764551467,0.08028786670958155,-0.05208172929619114,0.005909324792143908,22_7_2
205,0.07884953691167744,0.09602922641832652,0.0514165467493493,0.08255382242590473,-0.016213513046915512,0.06028294874946638,25_4_1
208,0.002772181819974468,-0.04921999494446352,-0.012968293885011384,0.005919800627885897,0.024718029715240963,-0.026089435392489358,25_3_1
210,-0.5104428188066303,0.06394905509879094,-0.39528213375636556,-0.46270426821834776,0.0029790412542019685,-0.008000151084675514,25_2_1
211,0.2171659448105505,0.04028310342038017,0.20851404303281987,0.2389662964167747,-0.09866712536957274,0.08126937231532819,25_1_1
213,-0.32207588653005725,0.09974895710643679,-0.28277590233932315,-0.2900397388792239,0.006324129957440877,-0.0334953331435676,26_1_1
214,0.07868626315508205,-0.052375416262907294,0.016826256238202827,0.04824853615582307,-0.009613025840484684,-0.024972476627017612,26_2_1
216,0.2225117019296537,0.11926955385391148,0.2344110938783539,0.23658273515003045,0.05630228639814852,0.19696692740324012,26_3_1
220,-0.12536413450119524,-0.06975708714346548,-0.06980723031628627,-0.13177402787241385,0.07888516662489686,-0.11223965223906122,27_3_1
221,-0.001955229112442646,-0.008674897813677016,0.023562653708052286,-0.0013013990518308046,-0.17911428603853963,-0.05595317071787678,27_4_1
222,0.058572594959230145,-0.05659988773048178,0.06108637652833605,0.054257321754024423,-0.2156024803808424,-0.05891534006186455,27_7_1
224,-0.16505177486076472,-0.028279069686262908,-0.061662077359582596,-0.19494498526751777,0.051201039477876874,-0.07560774022359812,27_6_1
227,0.030079007796494906,-0.0034169699119072066,0.014560135056405002,0.052330857880553826,-0.15355128958624648,-0.047509552378988594,27_9_1
229,-0.018008213674064667,-0.1388981005628678,-0.049235313692345885,-0.04219644344685965,-0.121948391753371,-0.06136694732346256,27_8_1
231,-0.052537653602770025,-0.022864874970127437,-0.00852435451746158,-0.027502313090610544,-0.09723971747322246,0.06278467934597462,27_1_1
232,-0.010577243907304261,-0.060198071823143066,-0.0006559687020658107,-0.0162188832817841,-0.21862430859831658,-0.06102812692576053,27_2_1
234,-0.016455130624356704,0.043269542543525434,-0.0010716905968735247,-0.025137714810980434,0.07009905807270868,-0.053751055317219715,27_5_1
235,0.022729223356258002,-0.02563682198895285,0.017715376110251563,0.007276685070791166,-0.18119411325590545,-0.07174924054027175,27_10_1
239,-0.13030702694550986,0.0015473204835537305,-0.11972058348213362,-0.1318987896707275,-0.16202335857636913,-0.08185349382041221,28_2_1
240,0.01741489100579238,0.04327439464898651,0.06290461710954533,-0.00011974065391621403,-0.03312397559614806,0.049757276202756585,28_3_1
241,0.18977833378048303,0.027211044181078985,0.18563648419888698,0.1659540000458431,-0.03883882196271426,0.10685992770940307,28_1_1
244,0.042669836857291955,0.18828844568135883,0.10462041759089188,0.01220679756222628,0.026126301617269247,0.09128864489682335,28_6_1
246,0.1656133019949162,-0.010393960878594349,0.17146428029051342,0.14219669450276257,-0.08571533189482368,0.011633118828676268,28_7_1
247,0.07447805525032741,0.016777043023753477,0.09955173528447497,0.06437190866121698,-0.05537041079477797,0.046950762441333095,28_4_1
249,0.20705185256263484,0.07950041077313555,0.2532287040418992,0.19440727292102647,-0.07828633103840986,0.0586586280227164,28_5_1
252,-0.049207055224332524,0.006413776770086146,-0.052174415909332576,-0.005413101207243971,0.18894038228796856,0.058188040167615196,28_8_1
254,-0.04859374059393741,-0.019979941149421233,-0.007014447949574643,0.005036163580857561,0.10414123548782246,0.28125991497767744,29_2_2
255,-0.12062782924207528,0.016806490513271728,-0.06663465843118102,-0.10044915445749772,-0.08878065244377426,0.019271589626857998,29_2_1
256,0.03998998649120811,0.1925663521702674,0.09012814818573035,0.026912851859048778,0.0737637508773154,0.050004921127637394,3_3_1
259,0.12708707581741505,0.24654111512990146,0.21361859614944084,0.13062228454150204,0.1833438015356538,-0.00045006201582863386,3_2_2
260,-0.20093850741524621,0.20614584839353572,-0.1562097202221996,-0.2115776431519924,-0.01827771299466437,0.013976034798776984,3_1_2
261,0.248974372051416,0.26291798469708005,0.2839444489643984,0.24593970587490935,0.17535293346655084,-0.031880728458601154,3_1_1
262,0.20599727800650833,0.17936849930837068,0.2679453003761262,0.22829787535642002,0.003907952268849395,0.11882001684385457,30_3_1
263,-0.009047203755417572,0.09880879734791825,0.007917029604801746,-0.004391250905538137,0.11010404353200749,0.24587716158808973,30_23_2
264,-0.28206374540616014,0.1701517887240939,-0.22199150968063136,-0.2718382733811091,0.19015185101457857,0.07879841141577208,30_23_1
265,-0.13496305034253933,-0.06549495990206632,-0.12739506640352002,-0.18143906524183698,0.0747574748417709,-0.028882150264813767,30_22_2
266,-0.3488137691982708,0.16213876875997674,-0.1485902239199152,-0.363540370329623,0.016178353352462278,0.016776413141885774,30_22_1
267,-0.38252833199942454,0.14594221999177556,-0.32150699611731315,-0.40041653487035866,0.040158920163144145,-0.005288561062773021,30_21_1
268,0.2434164439869424,0.05555235312332916,0.20306935673114435,0.18965407859685757,-0.09081988564564925,0.14122568619882409,30_21_2
269,-0.3236759018881197,0.05893311429417175,-0.24170229409620017,-0.33818132002604107,0.06516243858416677,0.09606655674292415,30_20_1
270,0.1780766796001351,0.03603068100324469,0.1318549697072392,0.15078305092511005,-0.028742112183557374,0.1452583482970914,30_20_2
271,-0.20405956284657747,0.16432689171091858,-0.1192453212151761,-0.17919470334210474,0.07010178507662189,0.035907060794856345,30_17_2
272,0.0679566847315822,0.16562192273391194,0.08112745163205365,0.03367817332600747,0.06658327725538601,0.07546924495853057,30_25_1
273,0.25062573166170476,0.06260810212081305,0.2187119947241004,0.25561130062452486,-0.08343418582059962,0.04102816440974054,30_25_2
274,0.21285223750780677,0.2764187800865722,0.22718684050493956,0.1939077151073282,0.07498998001593882,0.11428549282237227,30_24_1
275,0.2150057958565269,0.06371282523419573,0.186678817834657,0.20907050432587304,-0.04161859284931999,0.12840774164988578,30_24_2
276,-0.2641604350258774,0.18934776994957425,-0.19514511073173801,-0.26243342324954927,0.06485431979666414,0.05716956544080602,30_12_2
279,0.3125641701814571,-0.018076930373801675,0.23278463124248608,0.2967841001381698,-0.13463216503098163,0.08472054776671334,30_16_1
280,-0.19905885101275425,-0.019600115450458,-0.12728589968274012,-0.1993968297784317,-0.052339291301172784,0.06037931978033914,30_17_1
284,-0.12745601828085718,-0.022123144701959783,-0.1032573574377128,-0.09087779667168515,-0.12079289803787316,-0.017681760888366992,30_15_2
286,0.1900655551245979,0.09392582013025079,0.23384019449352939,0.1557126395597266,-0.04477526717194629,0.019847550401935046,30_5_1
288,0.0024137809480286516,0.11449349003703764,0.07210857508641125,-0.028631621585558247,-0.038591095285040976,0.05315081285244666,30_7_1
291,0.025623023277683357,0.016506189764104083,0.05578271811767713,0.03852172802214648,0.0029296820224150944,-0.009161585280612207,30_6_2
292,0.4375352489939655,-0.19142440726647414,0.212671372325137,0.4323975251906156,-0.014476915527328079,0.08234564076466111,30_1_2
294,-0.05638291088920698,0.1367779186811551,-0.03968661682848011,-0.0916555425448412,0.0928716027849935,-0.020661305293643555,30_3_2
295,-0.009077108427368235,0.34369510445320245,0.04815133607078488,-0.003712263161893457,0.187949295500087,0.10738057935918066,30_2_1
297,-0.04890454439274215,0.07399916556776939,0.0028267698205764213,-0.04704972882467696,-0.022802205098454178,0.40292851553980813,30_8_2
300,-0.17916799224423605,0.11584961344105017,-0.10302643378351241,-0.19660015192908967,0.015712760207817,-0.01971651996906339,30_9_1
301,-0.25683354607235037,0.008864717522593428,-0.18769293298593467,-0.24986946132273363,-0.036615938025193,0.1029629308352849,30_18_1
302,0.08833869289808888,0.07960737257216542,-0.12140780684294925,0.07829256152082092,-0.0035508631344972844,-0.021347380136105487,30_18_2
303,-0.3206727601231793,0.0038186761335988408,-0.23278666259455186,-0.3066854970452539,0.024320564107525523,0.18043789335744398,30_19_1
304,-0.012416405040747092,-0.026310411716627048,-0.0375732976742233,-0.06060851353656763,-0.23939030044284454,-0.11535151955792748,30_19_2
308,-0.20181929743243507,0.29979728048434084,-0.15615095479129984,-0.16763267502512325,0.21040002283765236,0.1310714213762391,30_10_2
309,-0.09467802034463917,0.031172853391817062,-0.03551773284856107,-0.12302367218887472,0.002897854517149679,0.04632600957860655,30_11_1
312,0.12788077117289876,-0.049882148328381434,0.07051849901907623,0.13175264166484307,0.015677703587521245,0.030182672083230878,31_2_1
313,0.3714345958005606,0.15878093984462732,0.3649498710913821,0.3504495235505158,-0.13757746005049348,0.026424344505007785,31_2_2
314,-0.0043053868800559825,-0.054333489205489104,0.02417519513953977,-0.013083050526361535,-0.15021731247073075,-0.08598870555283772,31_7_1
315,-0.09310578157087276,0.03314612916880757,-0.04718479909448824,-0.12698806553447195,0.0640428051524675,-0.11063307403401605,31_7_2
316,0.11362844749859327,0.058541883790520284,0.10778303456666945,0.10860824113078922,-0.11836962087757415,-0.03633281044088194,31_1_2
317,0.08217298469744243,-0.015422022045269011,0.08472847337917484,0.08830451727881823,-0.1959496090954214,-0.06839928601102595,31_1_1
319,-0.07474544810797663,0.06429889478479994,-0.030548127244609376,-0.10977285897621314,-0.03050972068220348,0.0239235837478528,31_4_1
320,0.07571185798441296,0.1159451703917955,0.0764675950129156,0.048252368379439824,-0.007873937031909828,0.03008640493137377,31_5_2
321,0.11330062584862141,0.11442879169981346,0.12083061933665594,0.08644716719528528,0.016812104114078366,0.020661190936992167,31_5_1
322,0.1252160984095665,-0.04922781691230825,0.12174445097241657,0.09131348725945836,-0.15587596226877104,-0.0817354040774603,31_6_1
323,0.061135880753826075,-0.02495974158218389,0.03685427079889855,0.03699072633708544,-0.11253103435400794,-0.05139497652868884,31_6_2
324,-0.049055519062816334,0.04079280026126027,-0.05564457337540265,-0.06086753640058027,-0.11221092544711715,-0.09137659229024392,31_3_2
325,-0.07458038216072342,0.05813870861570694,-0.01840676086761489,-0.07627231197798558,-0.06315800083812691,-0.029890546065300616,33_5_1
326,0.11722609680925027,-0.059975154087780376,0.06079819700659405,0.08235576461867414,-0.03735528030553546,-0.02672293243488037,33_4_1
327,0.061135880753826075,-0.02495974158218389,0.03685427079889855,0.03699072633708544,-0.11253103435400794,-0.05139497652868884,33_4_2
328,0.36884011239252495,0.15584618002934236,0.36293491924280735,0.3471118729387819,-0.13713714831865081,0.024679081985803982,33_2_2
329,-0.26240602054916606,0.10112406510972599,-0.20213728425629543,-0.2861780504696283,0.045855519176121934,0.014072052621060744,33_2_1
330,0.07571185798441296,0.1159451703917955,0.0764675950129156,0.048252368379439824,-0.007873937031909828,0.03008640493137377,33_3_2
331,0.11330062584862141,0.11442879169981346,0.12083061933665594,0.08644716719528528,0.016812104114078366,0.020661190936992167,33_3_1
332,0.08334952172836821,-0.03251331912960082,0.08123078139551088,0.06609862646823225,-0.21629811347288241,-0.06218804443907933,33_1_1
333,0.10286637019873182,0.022730492293591913,0.09289540364854912,0.10214772713353758,-0.16276056789001606,-0.04666057681387427,33_1_2
334,-0.2002214446083358,0.045651267640393865,-0.1517761133063999,-0.25303631584402747,-0.08002674836792238,-0.06891419474905093,33_5_2
335,0.17026415234483266,0.06317125057191128,0.1477968012742999,0.23540586740943292,-0.004778205924283076,0.03267668777783796,34_3_1
336,0.19132073284489892,0.024827013768438187,0.14221745495405627,0.12708234572803412,-0.02993915476245608,0.08358166431861984,34_3_2
337,-0.05256561932661559,-0.04500453864841066,-0.00547912848868872,-0.024906245397909543,-0.19061541143208502,-0.06901026798943877,34_2_1
338,0.19002790343563922,0.024418215336349948,0.1411297405572375,0.12518747852475628,-0.030674323995932392,0.08298494973174714,34_2_2
339,0.18876440040177542,0.02410241595146145,0.14196024182379036,0.12483483666192638,-0.030720252894329995,0.08597197467183948,34_5_2
340,0.04458046649074462,-0.07385678745873686,-0.0011527601400179843,0.051577710872254275,-0.016531119531081433,0.04291022558006158,34_5_1
341,0.20520158652947368,0.030952042171555758,0.15754395939747362,0.14889065465705584,-0.02136922133397039,0.09380401474929827,34_4_2
342,0.1002710640235599,-0.05559374920022887,0.05592995878443265,0.06796061388043736,-0.01841945311494331,-0.005332460240724688,34_4_1
344,0.19781085302719972,0.027110710009740167,0.1500942508314506,0.13560627950607226,-0.02717562164964074,0.09007677806326111,34_7_2
345,0.16069082704555557,-0.02984906433808678,0.09386605663907552,0.13188649374722253,0.01274944806731956,0.0011775569032286338,34_6_1
346,0.19610608613500052,0.027010718880195038,0.1489953841348969,0.135217712814714,-0.02674478356027546,0.0895140980687547,34_6_2
347,0.21262689468640042,0.033125311906620915,0.1637901220136504,0.1567316294363557,-0.018937372754553403,0.09676872211188063,34_9_2
348,-0.1730195717448903,0.046401934177876566,-0.0976260883420231,-0.20890826768754794,-0.010778826630545899,0.1260529572752626,34_9_1
349,0.24304258783948401,-0.03284218747814969,0.2141212003999813,0.2599272046451143,-0.030542516146370657,0.07125822295701799,34_8_1
350,0.19403396239314932,0.02529060958394308,0.14923312524634505,0.13606131964380028,-0.02622787695661886,0.08936522231568574,34_1_2
351,0.011118033321224324,-0.02660121536626808,0.029669156737461014,0.03055250673557107,-0.1556727881654098,-0.008483422543596412,34_1_1
353,0.050707288184576656,-0.09474822998931817,0.03347144962653492,0.052717539969165755,-0.23651027862527355,-0.051584786653188566,35_2_1
355,0.09285304135251705,0.17087296273462843,0.14840436058790576,0.06129005900751414,0.010878091061290318,0.09369946432136926,35_13_1
357,0.35501444857148,0.08277727789235191,0.3211774880270579,0.3606271583250487,0.026831405005856776,0.04017152631178417,35_3_1
359,0.1156420504760222,-0.004845709055593996,0.12424446474045929,0.09492596260932294,-0.06991879539366092,0.009154682778762937,35_12_1
362,0.015191181641568716,-0.06423900348134898,-0.029192537895576437,0.11580574166952631,0.11563912675802199,0.10872972438915705,35_4_1
365,-0.03943100998911205,-0.030583844705307887,-0.005261205722508629,-0.028403139542328593,-0.1591673944917051,-0.07887806228140314,35_6_1
369,-0.05461465237821205,-0.040308850055358565,-0.06076938109980851,-0.024084113126404415,0.142338687210215,-0.012399280294197755,35_15_1
372,0.17226126949261186,-0.017768269327354955,0.1593274599125264,0.1650410150116313,0.024123928873301163,-0.012219158287355234,35_14_1
374,0.31765428989586847,0.05240475657921966,0.3021906633461836,0.29346435868457615,-0.10926688897078492,0.13835868675600027,35_11_1
376,0.06649562367271428,-0.04729353060942367,0.05245896348983438,0.07018488359528158,-0.22697015582626637,-0.06730350660843283,35_10_1
377,0.11826183202407996,0.038152693094480064,0.14085462459187648,0.09177519866072748,-0.08790154328643683,0.017419331080894555,35_1_1
379,-0.21906944386891242,0.037182081923442266,-0.09509970047462421,-0.2282617923375313,0.03939687007918237,-0.10300509926395729,35_8_1
381,0.11137057574495762,0.009076789120834166,0.1335664663659463,0.05669752232501213,0.04166677670570705,-0.013407810647445322,35_9_1
383,-0.20073397684071206,0.09158921015540009,-0.1459906413594532,-0.18415417131567785,-0.04558247564911668,-0.06042716209162587,36_6_2
384,0.10335650971325204,0.004801129604762484,0.1228531761043881,0.08531756965952839,-0.05388541836819489,0.015420192015374373,36_6_1
385,-0.11439281580278944,0.07412108533107825,-0.05778256258365604,-0.14819129442811935,0.02714381156883219,0.0788173189940096,36_5_1
386,-0.48838503651208537,0.016901425191386113,-0.36529718186460514,-0.469764882373696,0.04299981268886155,0.039725602106662566,36_5_2
388,-0.061865908535909904,0.040641590855080886,-0.010392820803516493,-0.07419972020981186,-0.044051591211150105,0.030772903323822615,36_4_2
389,0.11480673095823157,0.026992522051712434,0.13896770499133873,0.10001346193507488,-0.11755883109611105,-0.007505163596120258,36_3_2
390,-0.25342041794936354,0.040190725366833116,-0.18147763470506345,-0.2659292505627748,0.03017486642249261,0.08072795548278269,36_3_1
391,0.42662399258579287,0.062349822177999656,0.349855589698941,0.41021847781956344,0.024480417002230852,0.08428087152331153,38_6_2
392,0.22055696615970757,0.062478026770225195,0.20279347691069186,0.20727447497411902,0.046492431394784144,0.06571118008689812,38_1_2
393,-0.06564872966424097,-0.09481806379559804,-0.06670115512231532,-0.041152581147156704,-0.11346909503979809,-0.07830565176823064,38_1_1
394,0.08356735104714962,0.2201460647097482,0.18666826095327677,0.04352244553713206,0.03129876315368507,0.13749515069100982,38_3_1
395,0.19662470346773717,-0.06357333320043833,0.10604281592489821,0.18617714750684566,-0.06664253476020311,0.1040042072560783,38_3_2
396,0.3480151771614741,0.02706158712218641,0.3002540138072989,0.3279447016729448,-0.061691060632469936,0.12862673312539694,38_5_2
397,0.19662470346773717,-0.06357333320043833,0.10604281592489821,0.18617714750684566,-0.06664253476020311,0.1040042072560783,38_5_1
398,0.3035015134393515,0.021933765202096115,0.2824795060558552,0.293499365014472,-0.02038489972030194,0.05554521632549711,38_4_2
399,-0.03856396513639543,0.25810683534269563,0.06969616484358425,-0.05921536535449193,0.09587391821529587,0.10782066116101684,38_4_1
400,0.46910947895612165,0.00573739995054964,0.3639704316546612,0.45673658098790915,-0.06715367377378434,0.15212070746342493,38_6_1
401,0.04174871911946994,-0.0033958498687695756,0.022065120172437447,0.03590196429638818,0.06718708143841891,-0.05017201053377919,38_2_1
402,0.12184337929518065,-0.12362719047657472,0.0736075844291463,0.09703417347127934,-0.06451854169296399,-0.03352313191427448,38_2_2
404,-0.022058699614177,-0.015086436188681824,0.016062385996738312,-0.02450897152029388,0.018854005597934237,-0.004106448710091909,39_2_2
405,0.09452141685437022,0.23622323922654423,0.16792117976674079,0.07627393981715717,0.04540793136372032,0.12130137956491473,39_3_1
407,0.14394179096317303,-0.021189015404415316,0.13016068965425448,0.14703100677948522,-0.045446801820134504,0.04647051309892822,39_1_2
408,0.22154849718192948,0.26473817745264877,0.2972007291902526,0.1814530412716242,0.05730359953141472,0.2198021256239199,39_1_1
409,-0.14862070770357763,0.05581304166733486,-0.06952168398098642,-0.14339159930239126,0.03275450563828398,0.012400311470826418,4_6_1
410,0.31022397790055445,-0.09794947124602774,0.3241552925560225,0.34342768626536885,-0.017363646792898042,0.007828426097303076,4_7_2
411,0.3005893690336314,0.24155529041900325,0.3013913344784908,0.27823476997863195,0.04718043405519814,0.10803325317117203,4_7_1
413,0.20223278804783537,-0.07356197652026844,0.11085294185231619,0.19342031876957863,-0.06811400063218005,0.10088205680579693,4_8_2
416,0.25661581647422554,0.05508696843254569,0.24084254924319237,0.2913252020765894,-0.05367676092753529,0.10943600137775313,4_2_2
417,-0.15771719475911428,0.15228732125721495,-0.06760200732210432,-0.16643238968540836,0.07439435591340413,0.05132311203976217,4_2_1
418,0.029921692761493444,-0.11157857881211494,0.011680430892398355,-0.024973389326230024,-0.04021018144225809,0.019575774843218284,4_3_2
419,-0.3622388090607661,0.09498655170317627,-0.26383618221046734,-0.3917093972818278,0.06232083083656466,0.05477447021873303,4_3_1
420,0.12116377264101143,0.07057987680833928,0.12610092446635401,0.10821777892022602,-0.07621815827045515,-0.026201065387426815,4_4_1
421,0.056116747727123426,0.05828264058445914,0.11186975390063687,0.01825498464246745,-0.03423269730053637,0.06188951508802578,4_4_2
422,-0.027020918458549655,0.03983612496942171,-0.011728960260531706,-0.19912569169418473,-0.016175126693898863,0.08284432182633947,4_5_2
423,-0.06773030900796512,-0.022438259012352156,-0.04375524376877197,-0.09526203332349298,-0.043930642744377,-0.013149442530742777,4_6_2
424,0.29674073728421935,0.36145506113750864,0.35689147052163933,0.28164444098287905,0.10283988672340981,0.00014060313682570156,4_1_1
425,0.20676923759284968,-0.033216719059187765,0.1753539263103471,0.20529291250754186,-0.05560329342773286,0.004765471066520611,4_1_2
426,0.13045871571525955,0.044516725061369895,0.10076437585710535,0.1796629287635816,0.00828756090741768,0.01967384181553073,4_5_1
427,0.22840384222020177,-0.09079506350263919,0.16914159660156386,0.1953020681597121,-0.13270923914379976,-0.058894254136991855,40_1_2
428,0.14673498415807926,0.19437323176074417,0.21609677617850415,0.10912217253261362,0.0015566129585229713,0.17860658932660728,40_2_1
429,0.07146966129860947,-0.052204392168088774,0.05727499710091047,0.06313610818703103,-0.006392772429553888,-0.009700379962133713,40_2_2
431,-0.07538598465538315,-0.031011080514671534,-0.032165205955302284,-0.07230522658546434,-0.05230463247765944,-0.045226375024926935,40_3_2
432,0.10488649852833246,0.23849058461273512,0.11608463677042301,0.06822593776624783,0.07759547520936962,0.06509269332112788,40_1_1
434,0.14307439501656363,-0.028023770146356975,0.10403885666409576,0.10781544534917264,-0.14730973780897869,0.016474771811930723,40_4_1
435,0.06925474454907679,0.0464798883597107,0.06680848932678911,0.07888266048806167,-0.12631746427452145,-0.012002053841190734,41_6_2
436,0.07675562715202039,-0.06176823546656324,0.057032445563427535,0.07378146559428875,-0.22147602011181905,-0.05009292746743987,41_5_2
437,0.09643089071191295,-0.0705747751808306,0.07151165600155641,0.06648919558560616,-0.029117646844824433,-0.0297398780344806,41_5_1
438,0.05382623359597357,-0.017086198278897496,0.04971279089996188,0.048823430980724204,-0.20468536191749623,-0.04539744603374074,41_4_2
439,0.051095089379361726,0.08975952162100675,0.09724261448334089,0.03766189249337071,0.008014860573126484,0.016027512836339144,41_7_1
440,0.11546846331144403,0.04355204387370024,0.11329201142886254,0.05776117469450982,-0.08776301049494382,-1.551625499090119e-06,41_7_2
441,0.08366373740541416,0.008882454695825236,0.09935091044867574,0.053711842819606406,0.03750162241010768,-0.0075142272514805535,41_6_1
442,0.36206344934715856,-0.032326851506614296,0.2627669843384466,0.30405647105964645,-0.1577665080650589,0.02960428829837273,41_1_2
443,0.5356595885083948,0.08360823136372326,0.46114618844626293,0.5383063975513342,0.08357820738160496,0.14005749255758304,41_1_1
444,0.14753632721226448,-0.06138119982465608,0.09328077979475856,0.08817077112517183,-0.2168674147168877,-0.03742381592417622,41_4_1
445,0.011990259076434685,0.059052147079242244,0.07378030714393459,0.02076114663167494,-0.03524831826104123,0.0579358137856603,41_3_1
446,0.16177296699511176,0.09972455976703407,0.20740339969596389,0.132678984343508,-0.06854800443239857,0.08518707576753552,41_3_2
447,0.1023406305720003,0.025819409262126204,0.09024579539159765,0.12471961210220606,-0.1590175338108874,-0.0009197541599931612,41_2_1
448,0.2810216533822631,0.1267461662948787,0.28737724772751855,0.2872239620646549,0.09110817034670375,0.1957883487692253,41_2_2
449,0.05863165463655806,0.10045631103817321,0.05356832541528193,0.01579777215599958,-0.08816174975164233,-0.025607236655213722,42_3_2
450,0.13714585186119552,-0.036695123013310016,0.10928158355909708,0.1562276227523605,-0.025575489079272685,0.00184276082394238,42_3_1
451,0.2424345231880008,0.054131798134295785,0.13367792967692307,0.1695841232518454,-0.042011428831057275,-0.021798693599115758,42_1_1
452,0.11467601944289017,0.017459944951858358,0.07990057168279124,0.0822673119414488,-0.06271345102973556,0.048589455720832536,42_2_2
453,0.061071397632680574,0.15823533460339162,0.1378768717249282,-0.007929389486443856,0.04970448107945814,0.004489853789695235,42_2_1
454,0.26811825561142444,0.02570378426508331,0.2678527467644016,0.27721704024197985,-0.10875065678915981,0.028584216956249256,42_1_2
455,0.1276560008976267,0.02807390848665524,0.14084942591432903,0.12166300172335658,0.06895990952071518,-0.03770700507088323,43_2_2
456,-0.06735066430767433,0.07162408306560956,0.01812577936677175,-0.054762637589335104,-0.043425543380438275,0.05757810668236003,43_2_1
457,0.07360751013729819,0.05061359383552043,0.08888530543786266,0.06764045877767322,-0.11583992834696631,-0.04088541857381171,43_3_2
458,0.09499057665177602,0.07835597625302701,0.11586231480580159,0.058227960581261104,-0.06722935332469558,-0.038948495539937435,43_3_1
459,-0.1575751218013816,0.2110655578331386,-0.04623488546783678,-0.17609045705793047,0.0681173700749269,0.12271978217350674,43_1_1
460,-0.31996879117489085,0.10779057119968455,-0.2529507192873443,-0.27913235579392487,-0.061689241641083734,-0.06768246621624815,43_1_2
462,0.3538763656927529,0.1747005573206698,0.33753591532108074,0.26649170626826146,-0.0019589788309575798,-0.014410481474647987,45_1_1
463,-0.3053442884240058,0.1052038569641749,-0.23860536103639168,-0.25422623753582063,-0.0743526227740835,-0.04083726191438135,46_6_2
464,0.16947401149245483,0.13482332121005106,0.22208433765388402,0.12720189848637864,-0.0063917012568358985,0.18495733781722737,46_6_1
466,0.12060772181028243,0.013104029400888449,0.09562529597750866,0.10910684126705171,-0.24761554147291978,-0.12964633837533862,46_4_2
467,0.38385843037922607,0.1866328348190976,0.37200483665893713,0.30018693060325763,-0.03495116773798894,-0.010080773463258533,46_5_1
470,-0.16871252099011244,0.19328078390477602,-0.11579834070783253,-0.2077452090606177,0.17998786914498677,-0.0223894796646745,46_3_1
471,-0.0913597707504797,-0.017643013106246094,-0.06482281074488994,-0.06550979661766529,-0.06100459828776231,0.08981461812226565,5_2_2
473,0.0485377878752681,0.0961910393149141,0.11592982569634104,0.01684318816184904,-0.0355189801708822,0.08651489740400199,5_5_1
474,-0.14337556509484428,0.0488905543585054,-0.09101575404725125,-0.24688278507054834,-0.0031358465758616846,0.0637494708048859,5_5_2
475,0.0995504041654529,0.1590045285220362,0.14792962700809564,0.06602275260273899,0.11956490171548288,0.10111516183395616,5_1_1
477,-0.16381403925523863,0.20648167294823874,-0.06155143650978209,-0.18491396987726366,0.08867987050692044,0.11283881701733585,5_3_1
478,-0.2102094276925014,0.005544371951705656,-0.15186509431831924,-0.24310806665700657,-0.009226525163008982,-0.018625242745811198,5_1_2
479,0.22071907414912226,-0.044835078170851216,0.22992509178519388,0.19273254587296088,-0.0052801968872629714,-0.038998431659252805,5_6_2
480,-0.20563652240598293,0.15297913047582937,-0.09311703170404545,-0.24406972246423458,0.030868548931790193,0.001876569373874898,5_6_1
481,0.07472209196799937,0.11826484699663053,0.14242746024004033,0.036626340988535545,-0.023488185824332507,0.1411336915609673,5_4_1
482,-0.3087141175813467,0.07861413055974378,-0.21276054870962519,-0.3464622397100477,0.020100864797405513,0.04372463157412885,5_4_2
483,0.38831279907353566,0.21565121077989832,0.3563697512874889,0.37261975519287466,0.04603591934931046,0.07977241692595817,6_5_2
485,0.3935000339104334,0.007661880640833984,0.32652327976542145,0.3777577971723976,-0.0718004270565047,0.0015310438809030254,6_6_1
488,0.26526593147903554,0.007706139133884169,0.24188490604615345,0.269116424288201,-0.10112783115253053,0.007544071297214917,6_7_2
489,-0.09506828382760354,0.08579455581111614,-0.06585797373772435,-0.10427790379713073,-0.03587154456363632,-0.040279616503240925,6_2_1
490,0.053780463988710364,0.04617026059175213,0.04285081354981434,0.048425531800919595,-0.09150947930030143,0.009816563456213206,6_2_2
491,0.049816891203423135,0.038031773884665235,0.06588360707093376,0.006033234948543307,-0.06613138318243486,0.011076831504959245,6_1_2
492,-0.21630099910323494,0.057781112755495224,-0.1319102484418679,-0.2517320216815206,0.008091311728552672,0.10086389321648866,6_1_1
493,0.1438119454399115,0.019941171701598273,0.1884769571907876,0.1856288044625612,-0.1299943000629946,-0.01794339555743115,6_3_1
494,0.21724849599776194,0.08622037156472931,0.20076562943131696,0.19563435517262048,-0.06488304009396238,-0.016855415906581992,6_3_2
495,0.5387729368031271,0.09474725933592246,0.5010317125541214,0.5269449648477369,0.09528178979723341,0.08456744512211913,6_4_2
496,0.19961613428302513,0.10409774080157323,0.22694514720340822,0.09593292042377433,-0.040167497453881276,0.03996897730604123,6_4_1
497,0.1849004814263361,0.014371695509119126,0.21458344080379063,0.17442555641639065,-0.10955216287931481,0.02892116006782012,7_10_2
498,0.05217885000170868,0.10252505524955656,0.11849739662035783,0.06981691300382709,-0.0331567833642042,0.07735655076601229,7_11_2
500,0.09067959060781255,0.2401639988323317,0.1499336684529324,0.08159969267014801,0.02096716674841185,-0.010946482916134963,7_12_1
503,-0.07038233202284996,-0.08935933059270344,-0.05852620309790247,-0.06816693492168746,-0.07881864077373645,-0.045581440636719726,7_13_2
505,-0.08625887138702311,0.002595502358286287,-0.03374984822387857,-0.08243510184536218,-0.09529422054918116,0.05195028376902104,7_7_1
506,0.005881571305477848,0.16529632683352746,0.043402549371768184,-0.0697049949641345,0.03419964956550707,0.11655257155205842,7_7_2
507,-0.0406762863084946,0.09716196015718284,0.009309071584314002,-0.04426763684064535,0.05710349656529227,-0.01437320872583617,7_6_1
508,0.03999502171222304,-0.030691967886768645,-0.7498097573158431,0.050355800317209355,-0.0015972688376036108,-0.01310274780623335,7_6_2
510,0.14899767253051943,-0.12987392711204895,0.09740834970824364,0.14284161876821247,-0.1777887504316253,-0.03534477331927456,7_5_1
514,0.052751181114169744,-0.14245422430895016,0.046846964945287874,0.006593272106942276,-0.046409011550915306,-0.05615055508879122,7_3_2
515,0.30468992365758635,-0.034473140002296274,0.28221683534339126,0.2832561049533694,-0.11524549484056786,0.013310612045850592,7_2_1
517,0.23587140150214544,0.023686800022380876,0.20872040109897147,0.14673970928597546,-0.03387516259111565,3.5633481157405384e-05,7_1_2
519,-0.007448728739730134,0.09093978986344285,0.069373467718876,0.015616969094419071,-0.016132553807159576,0.0869359061204813,7_9_2
520,0.3658578743103466,0.09337188697159056,0.3203566099986058,0.36851560216243623,-0.06666619959376881,0.1258954493449398,7_9_1
521,0.15412192167835048,0.07168896818742253,0.18992231486648659,0.14413490302689821,-0.05638247506866201,0.04447155999987698,7_10_1
522,0.04450596493455216,0.014041394965293452,0.07137837529342324,0.05601333662999095,-0.1419026196039173,-0.08419591459636815,7_14_1
523,0.09119625187556002,-0.0044826855780919685,0.10135665053550943,0.06766609597730788,-0.09450840118456323,0.013957070370432173,7_8_2
524,0.08613677504371191,0.08060630389446669,0.13919217200177622,0.08327621617493122,-0.04651673829377788,0.05861762319934886,7_8_1
525,0.17097255194800448,9.370820167788836e-05,0.19075762195832327,0.17144423010736934,-0.07984963530316387,0.10874966319992685,8_4_1
526,0.15880265279102312,-0.0009583890750909521,0.15073307352447535,0.142753265428076,0.03549805108472131,-0.0036686500492473678,8_4_2
528,0.5473959693166053,-0.03210656019320439,0.4771008291238695,0.4849330958318303,-0.12268955262707605,-0.005143456141953005,8_5_2
529,0.23557205154350538,0.14475086432299375,0.24965554414895869,0.2212923011292348,-0.04275905047681095,-0.029694111997549923,8_1_1
530,0.03207941099652251,0.2198095653429662,0.10428353268262223,-0.009027694400206364,0.04818252269893473,0.10696182838308722,8_1_2
531,-0.03402977404830669,0.2046542443482351,0.08293716624822584,-0.03148654437453901,0.07385220444553765,0.011534699611248008,8_2_2
534,0.04098211330019123,0.17461509903739736,0.10651724351044137,0.07600644235281366,0.049735466337480015,-0.06099788296985259,8_3_1
535,-0.12244592967502635,0.02007592455753496,-0.06314527460446315,-0.051853026956114316,-0.024778229879875876,0.04678005556127681,9_5_1
536,-0.1129486853437883,0.024178480812831697,-0.048523299048401886,-0.052447330221196485,-0.02388304178940184,0.04707232942456498,9_5_2
537,-0.11414755093875106,0.014077526816316788,-0.05758733955752975,-0.04256909307712851,-0.02543886481565558,0.045349399637243965,9_4_1
538,-0.12236822394184842,0.020114597594061784,-0.06309205815184217,-0.05175903786418166,-0.02477661252463413,0.04682089954553956,9_4_2
539,-0.08952533921351634,0.033160296051816994,-0.043004128481669526,-0.06261120131748979,-0.025126717320929758,0.049465412692572944,9_7_2
540,-0.021039392259489746,0.14047524220402482,0.07013391349262033,-0.06111812882697886,0.030612454276905995,0.11856261396359336,9_7_1
541,-0.06998087956390586,0.10696955280837682,0.017180198308192965,-0.06254614182978845,-0.05723297603667668,0.16229944290067191,9_1_1
542,-0.12217881149709017,0.020208684845175982,-0.06296238599201429,-0.0515301483369293,-0.024772620561836052,0.04692021144969778,9_1_2
543,-0.10313201784280575,-0.04797216961849286,-0.0645026773741903,-0.23564227557720413,-0.02065541783903935,0.004957855692561437,9_14_1
544,0.3276261542776284,0.061602191466994714,0.3382833104101643,0.31085806305067615,-0.08382877651529692,0.06313439054311294,9_14_2
545,0.003716224910556662,0.012917187498849963,0.018104950525189616,0.029593131911311178,-0.029618450599753245,-0.003740776254040064,9_12_2
546,0.10333165133356989,-0.018148856318913623,0.07936310809784546,0.11955655176413828,0.03467980753761516,-0.007702593073297177,9_12_1
547,-0.09485272878465457,0.020430223124774986,-0.04119188498541545,-0.035954676875636686,-0.02974156230262423,0.057741543801560685,9_13_2
548,-0.12395872862863615,0.030549624587223396,-0.05185589082425066,-0.06175698674549347,-0.02502963686785631,0.046041748229146084,9_13_1
549,-0.14980405361632898,0.09257662868735914,-0.05778166475963429,-0.169728678968527,-0.018263554472090666,0.10714018436808792,9_10_1
550,-0.10607833435732274,0.01544866341385869,-0.05430263892897413,-0.03566152146500596,-0.030935886727812098,0.056848061222739804,9_10_2
551,0.0636237153929525,0.1340897629788174,0.13221822425981106,0.05349395371346669,-0.013371153402179922,0.1436449811819432,9_11_1
552,-0.2404868221566938,0.18098694220078526,-0.14209703332532142,-0.21852009081477,0.12053396284501629,-0.03731557089149202,9_11_2
553,-0.12306018370689675,0.019768687102079394,-0.06356633560190675,-0.05259781897057261,-0.024790594514687566,0.04645508738421623,9_6_2
554,-0.052824593326253395,0.1692465942643346,-0.03421833216163729,-0.05908121350571923,0.11060969084141552,0.03858664283147348,9_9_1
555,0.09715439273394455,0.021401750675360987,0.1197441247690767,0.05990539894350435,-0.0683317583625057,0.02369786853691731,9_9_2
556,-0.13178818145451135,-0.01161098670632373,-0.0622559465539769,-0.07051523496717767,-0.029596556305691593,0.0357363477288897,9_8_1
557,-0.06925021646805103,-0.08330797605127938,-0.022126953999731858,-0.052066852874944385,-0.038626908189408435,0.04028050388081993,9_8_2
558,-0.11853321532932451,0.017590255769209303,-0.060912701498408724,-0.04887682473155645,-0.025122726160411175,0.04604276033978691,9_3_2
559,-0.1145488262247518,0.02062397664201253,-0.058598980070483794,-0.043153696398733954,-0.0243272894640648,0.04727494678141223,9_3_1
560,-0.12243827489680449,-0.031401004446065604,-0.05089625745746243,-0.0683151752146591,-0.03319674164513753,0.028328441536117736,9_6_1
561,-0.11299007755733183,0.0241590621990276,-0.048547622659430155,-0.05249284228210375,-0.02388480607281377,0.04705150133423609,9_2_2
562,-0.11762863895574661,0.02189035258062104,-0.060459727139590344,-0.04634540867844249,-0.02436669748643607,0.047555949663462126,9_2_1
